Domain,Ip,Throughput
youtube.com,216.58.213.110,8.24800
taobao.com,140.205.94.189,80.30000
qq.com,92.123.129.190,82.29500
facebook.com,157.240.1.35,33.60925
twitter.com,104.244.42.129,47.21450
wikipedia.org,91.198.174.192,22.50000
amazon.com,23.43.17.196,14.32000
google.com,172.217.169.4,260.24000
google.co.in,216.58.210.35,270.46000
live.com,13.107.42.11,47.50000
yahoo.com,87.248.98.8,17.04650
baidu.com,39.156.69.79,115.76667
